name,title,class,link
1,Health & Counselling - Simon Fraser University (sfu.ca),SFU Health,https://www.sfu.ca/students/health.html
1_1,Medical Services - Health & Counselling - Simon Fraser University (sfu.ca),Medical Appointment & Clinical Services,https://www.sfu.ca/students/health/see-a-doctor.html
1_3,Graduate student - Health & Counselling - Simon Fraser University (sfu.ca),Graduate Student Health Services,https://www.sfu.ca/students/health/graduate-students.html
1_5,Contact us - Health & Counselling - Simon Fraser University (sfu.ca),Contact & Support Information,https://www.sfu.ca/students/health/contact-us.html
1_6,Unregistered students - Health & Counselling - Simon Fraser University (sfu.ca),Health Services for Unregistered Students,https://www.sfu.ca/students/health/unregistered-students.html
1_1_1,See a nurse - Health & Counselling - Simon Fraser University (sfu.ca),Medical Appointment & Clinical Services,https://www.sfu.ca/students/health/see-a-doctor/see-a-nurse.html
1_1_2,Vaccines - Health & Counselling - Simon Fraser University (sfu.ca),Medical Appointment & Clinical Services,https://www.sfu.ca/students/health/see-a-doctor/vaccines.html
1_1_3,Sexual Health - Health & Counselling - Simon Fraser University (sfu.ca),Medical Appointment & Clinical Services,https://www.sfu.ca/students/health/see-a-doctor/sexual-health.html
1_1_4,Gender-Affirming Care - Health & Counselling - Simon Fraser University (sfu.ca),Medical Appointment & Clinical Services,https://www.sfu.ca/students/health/see-a-doctor/gender-affirming-care.html
1_1_5,Sick notes for missed classes and withdrawals - Health & Counselling - Simon Fraser University (sfu.ca),Medical Appointment & Clinical Services,https://www.sfu.ca/students/health/see-a-doctor/missed-classes.html
1_1_6,Medical clinics close to your location (medimap.ca),Medical Appointment & Clinical Services,https://medimap.ca
1_1_7,Disabled and neurodiverse students can access various options for support - Learn more - Simon Fraser University (sfu.ca),Medical Appointment & Clinical Services,https://www.sfu.ca/students/health/support-resources/counselling-services/disabled-neurodivergent.html
1_1_8,Centre for Accessible Learning - Simon Fraser University (sfu.ca),Medical Appointment & Clinical Services,https://www.sfu.ca/students/accessible-learning.html
1_1_9,For more information about academic concessions - Simon Fraser University (sfu.ca),Medical Appointment & Clinical Services,https://www.sfu.ca/students/enrolment-services/policies-and-procedures/academic-concessions.html.html#academic-concessions
1_1_10,"The Office of Student Support, Rights, and Responsibilities - Simon Fraser University (sfu.ca)",Medical Appointment & Clinical Services,https://www.sfu.ca/students/studentsupport.html
1_1_11,SFU's Medical Insurance - Simon Fraser University (sfu.ca),Medical Appointment & Clinical Services,https://www.sfu.ca/medical-insurance.html
1_1_12,Visit this page for health resources - Health & Counselling - Simon Fraser University (sfu.ca),Medical Appointment & Clinical Services,https://www.sfu.ca/students/health/unregistered-students/
1_1_13,BC is transitioning from cytology (Pap test) to HPV testing (bccancer.bc.ca),Medical Appointment & Clinical Services,https://www.bccancer.bc.ca/screening/health-professionals/cervix
1_1_14,"If you are in BC, you can speak to a nurse 24/7 by calling 811 (healthlinkbc.ca)",Medical Appointment & Clinical Services,https://www.healthlinkbc.ca/search?kw=8+1+1
1_1_2_1,Individual extended health plan (studentcare.ca),Medical Appointment & Clinical Services,https://studentcare.ca
1_1_3_1,Broad definition of sexual health (optionsforsexualhealth.org),Medical Appointment & Clinical Services,https://www.optionsforsexualhealth.org/facts/sex/what-is-sexual-health/#1550008055237-2baa16bd-7e5d9428-eaf8
1_1_3_2,Options for Sexual Health (optionsforsexualhealth.org),Medical Appointment & Clinical Services,https://www.optionsforsexualhealth.org
1_1_3_3,Smart Sex Resource (smartsexresource.com),Medical Appointment & Clinical Services,https://smartsexresource.com
1_1_3_4,Health Initiative for Men (HIM) (checkhimout.ca),Medical Appointment & Clinical Services,https://checkhimout.ca
1_1_3_6,"If you do not have MSP, you can still schedule an appointment (getcheckedonline.com)",Medical Appointment & Clinical Services,https://getcheckedonline.com/Pages/default.aspx
1_1_3_7,Read more about cervical cancer screening here (bccancer.bc.ca),Medical Appointment & Clinical Services,https://www.bccancer.bc.ca/screening/cervix
1_1_3_8,For more information about contraception (optionsforsexualhealth.org),Medical Appointment & Clinical Services,https://www.optionsforsexualhealth.org/facts/birth-control/
1_1_3_9,Emergency Contraception - Learn more (healthlinkbc.ca),Medical Appointment & Clinical Services,https://www.healthlinkbc.ca/healthlinkbc-files/emergency-contraception-ec
1_1_3_10,Sex & U (sexandu.ca),Medical Appointment & Clinical Services,https://www.sexandu.ca
1_1_3_11,Sexual Violence Emergency Support - Simon Fraser University (sfu.ca),Medical Appointment & Clinical Services,https://www.sfu.ca/sexual-violence.html
1_1_4_1,Hormone Readiness Assessment (transcarebc.ca),Medical Appointment & Clinical Services,https://www.transcarebc.ca/hormone-therapy/how-to-start
1_1_4_2,Hormone therapy (transcarebc.ca),Medical Appointment & Clinical Services,https://www.transcarebc.ca/hormone-therapy
1_1_5_1,Do i qualify - SFU Student Services withdrawals policy,Medical Appointment & Clinical Services,https://www.sfu.ca/students/enrolment-services/appeals/withdrawals-extenuating-circumstances.html.html
1_1_5_3,Advising Services – Academic Difficulty - Simon Fraser University (sfu.ca),Medical Appointment & Clinical Services,https://www.sfu.ca/students/academicadvising/difficulty.html?_gl=1*1bjp4qh*_gcl_au*MTQ3MjU5MDUzMC4xNzYxNDg4MzMx*_ga*Mzc4MDYxMDcyLjE3NjE0ODgzMzE.*_ga_R4BCVYL1QF*czE3NjM3NzcxNTEkbzI0JGcxJHQxNzYzNzg0MTk3JGoxMiRsMCRoMA..
1_1_12_1,Guard me customer notice - Medical Insurance - Simon Fraser University (sfu.ca),Medical Appointment & Clinical Services,https://www.sfu.ca/medical-insurance/guardme-notice.html
1_1_12_2,Opt - out deadlines - Medical Insurance - Simon Fraser University (sfu.ca),Medical Appointment & Clinical Services,https://www.sfu.ca/medical-insurance/deadlines.html
1_1_12_3,Useful contacts - Medical Insurance - Simon Fraser University (sfu.ca),Medical Appointment & Clinical Services,https://www.sfu.ca/medical-insurance/contact-us.html
1_1_12_4,International & US Student - Medical Insurance - Simon Fraser University (sfu.ca),Medical Appointment & Clinical Services,https://www.sfu.ca/medical-insurance/international-us-students.html
1_1_12_5,Canadian Citizen & Permanent Resident - Medical Insurance - Simon Fraser University (sfu.ca),Medical Appointment & Clinical Services,https://www.sfu.ca/medical-insurance/canadian-citizens-permanent-residents.html
1_1_12_6,International Teaching Assistant - Medical Insurance - Simon Fraser University (sfu.ca),Medical Appointment & Clinical Services,https://www.sfu.ca/medical-insurance/international-teaching-assistants.html
1_1_12_7,Exchange/Study Abroad Students - 1 Term Exchange - Medical Insurance - Simon Fraser University (sfu.ca),Medical Appointment & Clinical Services,https://www.sfu.ca/medical-insurance/1-term-exchange.html
1_1_12_8,Exchange/Study Abroad Students - 2-3 Term Exchange - Medical Insurance - Simon Fraser University (sfu.ca),Medical Appointment & Clinical Services,https://www.sfu.ca/medical-insurance/2-3-term-exchange.html
1_1_12_9,Exchange/Study Abroad Students - 1 Term Study Abroad - Medical Insurance - Simon Fraser University (sfu.ca),Medical Appointment & Clinical Services,https://www.sfu.ca/medical-insurance/1-term-study-abroad.html
1_1_12_10,Exchange/Study Abroad Students - 2-3 Term Study Abroad - Medical Insurance - Simon Fraser University (sfu.ca),Medical Appointment & Clinical Services,https://www.sfu.ca/medical-insurance/2-3-term-study-abroad.html
1_1_12_11,Exchange/Study Abroad Students - Domestic Exchange - Medical Insurance - Simon Fraser University (sfu.ca),Medical Appointment & Clinical Services,https://www.sfu.ca/medical-insurance/domestic-exchange.html
1_1_12_12,Visiting Graduate Research Student & Other Visitors - Medical Insurance - Simon Fraser University (sfu.ca),Medical Appointment & Clinical Services,https://www.sfu.ca/medical-insurance/visitors.html
1_1_12_1_1,Canadian Anti-Fraud Centre (antifraudcentre-centreantifraude.ca),Medical Appointment & Clinical Services,https://antifraudcentre-centreantifraude.ca/protect-protegez-eng.htm
1_1_12_2_1,Primary insurance opt - out (sites.guard.me/sfu),Medical Appointment & Clinical Services,https://sites.guard.me/sfu
1_1_12_2_2,StudentCare (SFSS Health & Dental Plan/GSS Benefit Plan (studentcare.ca),Medical Appointment & Clinical Services,https://www.studentcare.ca/View.aspx?locale=en&uid=SimonFraserUniversityundergraduatestudentsSFSS_Home&
1_1_12_2_3,Studentcare opt - out (studentcare.ca),Medical Appointment & Clinical Services,https://www.studentcare.ca
1_1_12_2_4,The Change-of-Coverage period* for StudentCare (studentcare.ca),Medical Appointment & Clinical Services,https://www.studentcare.ca/rte/en/SimonFraserUniversityundergraduatestudentsSFSS_ChangeofCoverage_ChangeofCoveragePeriod
1_1_12_3_1,International Services for Students - stududent service - Simon Fraser University (sfu.ca),Medical Appointment & Clinical Services,https://www.sfu.ca/students/isap/
1_1_12_3_2,Human Resources - Simon Fraser University (sfu.ca),Medical Appointment & Clinical Services,http://www.sfu.ca/human-resources.html
1_1_12_3_3,Health and Counselling Services - Simon Fraser University (sfu.ca),Medical Appointment & Clinical Services,https://www.sfu.ca/students/health/?_gl=1*1cuweu8*_gcl_au*MTQ3MjU5MDUzMC4xNzYxNDg4MzMx*_ga*Mzc4MDYxMDcyLjE3NjE0ODgzMzE.*_ga_R4BCVYL1QF*czE3NjM4NTMwMTYkbzI2JGcxJHQxNzYzODUzODM5JGozMSRsMCRoMA..
1_1_12_3_4,Campus Security - Simon Fraser University (sfu.ca),Medical Appointment & Clinical Services,https://www.sfu.ca/srs/campus-safety-security.html
1_1_12_3_5,SFU Student Accounts - Simon Fraser University (sfu.ca),Medical Appointment & Clinical Services,https://www.sfu.ca/students/enrolment-services/get-help/hours-and-location.html
1_1_12_4_1,Connect with an international student advisor - Simon Fraser University (sfu.ca),Medical Appointment & Clinical Services,https://www.sfu.ca/students/isap/contact.html
1_1_12_4_2,SFSS Health and Dental Plan (undergraduate) cost (studentcare.ca),Medical Appointment & Clinical Services,https://studentcare.ca/rte/en/SimonFraserUniversityundergraduatestudentsSFSS_Cost_HowMuchDoesItCost
1_1_12_4_3,Change-of-Coverage Period (studentcare.ca),Medical Appointment & Clinical Services,https://studentcare.ca/rte/en/SimonFraserUniversityundergraduatestudentsSFSS_ChangeofCoverage_ChangeofCoveragePeriod
1_1_12_4_4,More Info: SFSS Health and Dental Plan website (studentcare.ca),Medical Appointment & Clinical Services,https://studentcare.ca/rte/en/SimonFraserUniversityundergraduatestudentsSFSS_Home
1_1_12_5_1,SFU Human Resources TSSU - Simon Fraser University (sfu.ca),Medical Appointment & Clinical Services,https://www.sfu.ca/human-resources/tssu.html
1_1_12_6_1,SFU Human Resources - Simon Fraser University (sfu.ca),Medical Appointment & Clinical Services,https://www.sfu.ca/human-resources/research-employees.html
1_1_12_6_4,GSS Health and Dental Plan (Graduates) - cost (studentcare.ca),Medical Appointment & Clinical Services,https://studentcare.ca/rte/en/IHaveAPlan_SFUSimonFraserUniversitygraduatestudentsGSS_Cost_HowMuchDoesItCost
1_1_12_7_1,Opt out of eligible plans (sites.guard.me/sfu),Medical Appointment & Clinical Services,https://sites.guard.me/sfu/optout/undergraduate
1_1_12_7_2,Limited secondary benefits (sites.guard.me/sfu),Medical Appointment & Clinical Services,https://sites.guard.me/sfu/
1_1_12_9_1,OPT OUT of the SFSS Health and Dental Plan (undergraduate) (studentcare.ca),Medical Appointment & Clinical Services,https://studentcare.ca/rte/en/SimonFraserUniversityundergraduatestudentsSFSS_ChangeofCoverage_OptOuts
1_1_12_9_2,OPT OUT of the GSS Health and Dental Plan (graduate) (studentcare.ca),Medical Appointment & Clinical Services,https://studentcare.ca/rte/en/IHaveAPlan_SFUSimonFraserUniversitygraduatestudentsGSS_ChangeofCoverage_OptOuts
1_1_12_10_1,Basic insurance for unexpected illness or accidents - Review the policy online (sites.guard.me/sfu),Medical Appointment & Clinical Services,https://sites.guard.me/sfu/department/visitors
1_1_12_10_4,Short-term and Visiting Faculty - Simon Fraser University (sfu.ca),Medical Appointment & Clinical Services,https://www.sfu.ca/human-resources/faculty/benefits/short-term-visiting.html
1_1_12_10_5,Visiting Scholars - Simon Fraser University (sfu.ca),Medical Appointment & Clinical Services,https://www.sfu.ca/faculty-relations.html?_gl=1*1hz2kjo*_gcl_au*MTQ3MjU5MDUzMC4xNzYxNDg4MzMx*_ga*Mzc4MDYxMDcyLjE3NjE0ODgzMzE.*_ga_R4BCVYL1QF*czE3NjM4NTMwMTYkbzI2JGcxJHQxNzYzODU3MDg1JGoyMiRsMCRoMA..
1_3_1,Call or text 9-8-8 to reach the National Crisis and Suicide Line (988.ca),Graduate Student Health Services,https://988.ca
1_3_2,,,
1_3_3,Transition Case Manager for International Students,Graduate Student Health Services,https://www.sfu.ca/students/health/support-resources/counselling-services/SupportForInternationalStudents.html
1_3_4,Tools for Well-being in the Classroom - Well-being in Learning Environments - Healthy Campus Community - Simon Fraser University (sfu.ca),Graduate Student Health Services,https://www.sfu.ca/healthycampuscommunity/learningenvironments/tools-for-well-being-in-the-classroom.html
1_3_5,,,
1_5_1,Our team - Contact Us - Health & Counselling - Simon Fraser University (sfu.ca),Contact & Support Information,https://www.sfu.ca/students/health/contact-us/our_team.html
1_5_2,Accessibility - Contact Us - Health & Counselling - Simon Fraser University (sfu.ca),Contact & Support Information,https://www.sfu.ca/students/health/contact-us/accessibility.html
1_5_3,Residency & Practicums - Health & Counselling - Simon Fraser University (sfu.ca),Contact & Support Information,https://www.sfu.ca/students/health/contact-us/internships-practicums.html
1_5_4,"In case of emergency, please call 911 or go to your nearest emergency room - Simon Fraser University (sfu.ca)",Contact & Support Information,https://www.sfu.ca/srs/contact/24-7-emergency-contacts.html
1_5_5,24/7 Crisis Line (bcmhsus.ca),Contact & Support Information,https://www.bcmhsus.ca/about-us/getting-help
1_5_1_1,SFU’s Indigenous Student Centre (ISC) - Simon Fraser University (sfu.ca),Contact & Support Information,https://www.sfu.ca/students/indigenous.html
1_5_2_1,Medical appointment (surveymonkey.ca),Contact & Support Information,https://www.surveymonkey.ca/r/YBPHXKD
1_6_1,"If you don’t have a doctor, you can register with the Health Connect Registry(healthlinkbc.ca)",Health Services for Unregistered Students,https://www.healthlinkbc.ca/find-care/health-connect-registry
1_6_2,Urgent and Primary Care Centres site (healthlinkbc.ca),Health Services for Unregistered Students,https://www.healthlinkbc.ca/primary-care/service-type/urgent-and-primary-care-centres
1_6_3,HealthLink BC (8-1-1 Service) (healthlinkbc.ca),Health Services for Unregistered Students,https://www.healthlinkbc.ca
1_6_5,See a doctor online - Maple (getmaple.ca),Health Services for Unregistered Students,https://www.getmaple.ca
1_6_6,See a doctor online - Rocket Doctor (rocketdoctor.io),Health Services for Unregistered Students,https://www.rocketdoctor.io
1_6_7,BC Pharmacy Finder (bcpharmacy.ca),Health Services for Unregistered Students,https://www.bcpharmacy.ca
1_4,Faculty & Staff - Health & Counselling - Simon Fraser University (sfu.ca),Creating a Culture of Care,https://www.sfu.ca/students/health/faculty-staff.html
1_4_1,Healthy Campus Community - Simon Fraser University (sfu.ca),Healthy Campus Communities,https://www.sfu.ca/healthycampuscommunity.html
1_4_2,Create a Culture of Care - Health & Counselling - Simon Fraser University (sfu.ca),Creating a Culture of Care,https://www.sfu.ca/students/health/faculty-staff/faculty-staff-resources.html
1_4_3,Training and Education - Health & Counselling - Simon Fraser University (sfu.ca),Training and Education,https://www.sfu.ca/students/health/faculty-staff/request-a-workshop.html
1_4_4,Supporting Students in Distress - Health & Counselling - Simon Fraser University (sfu.ca),Supporting Student In Distress and Critical Incidents,https://www.sfu.ca/students/health/faculty-staff/response-guide.htmll
1_4_5,Critical Incident Support - Health & Counselling - Simon Fraser University (sfu.ca),Supporting Student In Distress and Critical Incidents,https://www.sfu.ca/students/health/faculty-staff/critical-support.html
1_4_6,Faculty & Staff Well-being - Health & Counselling - Simon Fraser University (sfu.ca),Faculty & Staff Well-being,https://www.sfu.ca/students/health/faculty-staff/faculty-staff-well-being.html
1_4_1_1,Well-being through Physical Spaces - Healthy Campus Communities,Well-being Through Physical Spaces,https://www.sfu.ca/healthycampuscommunity/projects/physical-spaces.html
1_4_1_2,Well-being in policy & academic settings - Healthy Campus Communities,Well-Being in Policy & Academic Settings,https://www.sfu.ca/healthycampuscommunity/projects/policy-settings.html
1_4_1_3,Well-being in learning environments - Healthy Campus Communities,Well-being In Learning Environments,https://www.sfu.ca/healthycampuscommunity/learningenvironments.html
1_4_1_4,Assessing Studet Well-Being in Class - Healthy Campus Communities,Well-being In Learning Environments,https://www.sfu.ca/healthycampuscommunity/learningenvironments/resource-library/resources/assessing-wellbeing-in-class.html
1_4_1_5,Health and Well-being Resources Slide Deck - Healthy Campus Communities,Well-being In Learning Environments,https://www.sfu.ca/healthycampuscommunity/learningenvironments/resource-library/resources/health-promotion-powerpoint.html
1_4_1_6,Template for Feedback - Healthy Campus Communities,Well-being In Learning Environments,https://www.sfu.ca/content/sfu/healthycampuscommunity/learningenvironments/resource-library/resources/template-feedback.html
1_4_1_7,Pronoun Etiquette Cheat Sheet - Healthy Campus Communities,Well-being In Learning Environments,https://www.sfu.ca/healthycampuscommunity/learningenvironments/resource-library/resources/pronoun-etiquette.html
1_4_1_8,Practices that support student well-being in remote (or in-person) settings - Healthy Campus Communities,Well-being In Learning Environments,https://www.sfu.ca/content/sfu/healthycampuscommunity/learningenvironments/resource-library/resources/practices-that-support-student-well-being-in-remote.html
1_4_1_9,10 Ways to Embed Well-being into Remote Learning Environments - Healthy Campus Communities,Well-being In Learning Environments,https://www.sfu.ca/healthycampuscommunity/learningenvironments/resource-library/resources/embed-well-being-remotely.html
1_4_1_10,LGBTQIA2S+ Resources - Healthy Campus Communities,Well-being In Learning Environments,https://www.sfu.ca/content/sfu/healthycampuscommunity/learningenvironments/resource-library/resources/LGBTQIA2S-resources-sfu-fhs.html
1_4_1_11,Class Check In Activity - Healthy Campus Communities,Well-being In Learning Environments,https://www.sfu.ca/healthycampuscommunity/learningenvironments/resource-library/resources/class-check-in.html
1_4_1_12,Explore more resources - Healthy Campus Communities,Well-being In Learning Environments,https://www.sfu.ca/content/sfu/healthycampuscommunity/learningenvironments/resource-library.html
1_4_1_13,About Us - Healthy Campus Communities,Contact & Support Information,https://www.sfu.ca/healthycampuscommunity/about.html
1_4_3_1,Information Booth Survey - Training and Education - Health & Counselling - Simon Fraser University (sfu.ca),Training and Education,https://www.surveymonkey.ca/r/requestworkshop
1_4_3_2,Contributing to a Healthy Campus Community Workshop - Support Services - - Health & Counselling - Simon Fraser University (sfu.ca),Training and Education,https://www.sfu.ca/students/health/support/mental-health.html
1_4_4_1,Campus Security Contact - Supporting Students in Distress,Supporting Student In Distress and Critical Incidents,https://www.sfu.ca/srs/contact.html
1_4_4_2,SOS/SID Canvas Course - Supporting students in Distress - Health & Counselling - Simon Fraser University (sfu.ca),Supporting Student In Distress and Critical Incidents,https://canvas.sfu.ca/courses/59634?_gl=1*1ghopzx*_gcl_au*MTE4MDgxMDAxNS4xNzYyMTQwNDU1*_ga*MTAyNDk1MTU3Ni4xNzUxODM0MDA1*_ga_R4BCVYL1QF*czE3NjM3OTMwNDgkbzE5JGcxJHQxNzYzNzkzMjY2JGo1OCRsMCRoMA..
1_4_5_1,Human Resources' mental health information and resources webpage - Critical Incident Support - Health & Counselling - Simon Fraser University (sfu.ca),Supporting Student In Distress and Critical Incidents,https://www.sfu.ca/human-resources/rtw-dm/Mental_Health_Information.html
1_4_6_1,Forms & Resources - Simon Fraser University (sfu.ca),Faculty & Staff Well-being,https://www.sfu.ca/human-resources/forms-resources/benefit-plan-summaries.html
1_4_6_2,Employee and Family Assistance Program - Simon Fraser University (sfu.ca),Faculty & Staff Well-being,https://www.sfu.ca/human-resources/faculty/benefits/efap.html
1_4_6_3,Ergonomic Guides - Simon Fraser University (sfu.ca),Faculty & Staff Well-being,"https://www.sfu.ca/srs/work-research-safety/general-safety/ergonomics/assessments.html#:~:text=Workstation%20assessments-,Ergonomics,furniture%20and%20seating%20is%20purchased."
1_4_6_4,Learning & Development - - Simon Fraser University (sfu.ca),Faculty & Staff Well-being,https://www.sfu.ca/human-resources/learning-development.html
1_4_6_5,Multifaith Centre - Simon Fraser University (sfu.ca),Faculty & Staff Well-being,https://www.sfu.ca/students/multifaith.html
1_4_6_6,"Health Promotion, Return to Work, Disability & Sick Leave - Simon Fraser University (sfu.ca)",Faculty & Staff Well-being,https://www.sfu.ca/human-resources/rtw-dm.html
1_4_6_7,Safety & Risk Services - Simon Fraser University (sfu.ca),Faculty & Staff Well-being,https://www.sfu.ca/srs.html
1_4_1_3_1,Resource Library - Well-being in learning environments - Healthy Campus Communities,Well-being In Learning Environments,https://www.sfu.ca/healthycampuscommunity/learningenvironments/resource-library.html
1_4_1_3_2,Rationale for this project - Well-being in learning environments - Healthy Campus Communities,Well-being In Learning Environments,https://www.sfu.ca/healthycampuscommunity/learningenvironments/rationale.html
1_4_1_3_3,Center For Educational Excellence - Simon Fraser university (sfu.ca),Well-being In Learning Environments,https://www.sfu.ca/cee.html
1_4_1_3_4,Faculty and Instructor Profiles - Well-being in learning environments - Healthy Campus Communities,Well-being In Learning Environments,https://www.sfu.ca/healthycampuscommunity/learningenvironments/faculty-instructor-profiles.html
1_4_1_3_5,Well Being Through the Supervisory Process - Well-being in learning environments - Healthy Campus Communities,Well-being In Learning Environments,https://www.sfu.ca/healthycampuscommunity/projects/supervisory-process.html
1_4_1_7_1,Services and supports - Health and Well-being Resources Slide Deck - Healthy Campus Communities,Well-being In Learning Environments,https://www.sfu.ca/healthycampuscommunity/learningenvironments/quick-guide.html
1_4_1_11_1,Center for Accessible Learning - Simon Fraser University (sfu.ca),Well-being In Learning Environments,http://www.sfu.ca/students/accessible-learning/carousel-redirects/covid-announcement/covid-instructor-information.html
1_4_1_11_2,Get to know your Prof - 10 Ways to Embed Well-being into Remote Learning Environments - Healthy Campus Communities,Well-being In Learning Environments,https://www.sfu.ca/healthycampuscommunity/learningenvironments/resource-library/resources/get-to-know-your-prof.html
1_4_1_11_3,Power Point Slides Promoting Well-being - 10 Ways to Embed Well-being into Remote Learning Environments - Healthy Campus Communities,Well-being In Learning Environments,https://vault.sfu.ca/index.php/s/an5F4be71VuMUIY?_gl=1*1vss33u*_gcl_au*MTE4MDgxMDAxNS4xNzYyMTQwNDU1*_ga*MTAyNDk1MTU3Ni4xNzUxODM0MDA1*_ga_R4BCVYL1QF*czE3NjM3OTMwNDgkbzE5JGcxJHQxNzYzODAyMDk3JGo1OCRsMCRoMA..
1_4_1_11_4,Territorial Acknowledgement - 10 Ways to Embed Well-being into Remote Learning Environments - Healthy Campus Communities,Well-being In Learning Environments,https://www.sfu.ca/communicators-toolkit/brand/guidelines/writing/editorial-style-guide/language-grammar/territorial-acknowledgements.html
1_4_1_11_5,Survey - 10 Ways to Embed Well-being into Remote Learning Environments - Healthy Campus Communities,Well-being In Learning Environments,https://sfu.teamdynamix.com/TDClient/255/ITServices/Requests/ServiceDet?ID=2396
1_4_1_11_6,Comment Card - 10 Ways to Embed Well-being into Remote Learning Environments - Healthy Campus Communities,Well-being In Learning Environments,https://www.sfu.ca/healthycampuscommunity/learningenvironments/resource-library/resources/comment-card.html
1_4_1_11_7,Reality Check Reflection Tool - 10 Ways to Embed Well-being into Remote Learning Environments - Healthy Campus Communities,Well-being In Learning Environments,https://www.sfu.ca/healthycampuscommunity/learningenvironments/resource-library/resources/reality-check.html
1_4_1_11_8,Group Generated Study Guide - 10 Ways to Embed Well-being into Remote Learning Environments - Healthy Campus Communities,Well-being In Learning Environments,https://www.sfu.ca/healthycampuscommunity/learningenvironments/resource-library/resources/group-generated-study-guide.html
1_4_1_11_9,In the News Activity - 10 Ways to Embed Well-being into Remote Learning Environments - Healthy Campus Communities,Well-being In Learning Environments,https://www.sfu.ca/healthycampuscommunity/learningenvironments/resource-library/resources/in-the-news.html
1_4_1_11_10,Six Daily Questions to Ask Yourself in Quarantine - Greater Good Magazine,Well-being In Learning Environments,https://greatergood.berkeley.edu/article/item/six_daily_questions_to_ask_yourself_in_quarantine
1_4_1_11_11,CEE Mission and Strategic Goals - Simon Fraser University (sfu.ca),Well-being In Learning Environments,https://www.sfu.ca/cee/about-us/mission-and-goals.html
1_4_1_12_1,LGBTQIA+ Glossary of Terms for Health Care Teams 2020 - National LGBTQIA+ Health Education Center,Well-being In Learning Environments,https://www.lgbtqiahealtheducation.org/publication/lgbtqia-glossary-of-terms-for-health-care-teams/
1_4_1_12_2,Trans Student Educational Resources - Trans Student,Well-being In Learning Environments,https://transstudent.org/
1_4_1_12_3,Teaching Beyond the Gender Binary in the University Classroom - Vanderbilt Center for Teaching,Well-being In Learning Environments,https://www.vanderbilt.edu/advanced-institute/
1_4_1_12_4,Sexual Orientation & Gender Identity and Expression - Teaching Sexual Health:,Well-being In Learning Environments,https://teachingsexualhealth.ca/teachers/sexual-health-education/information-by-topic/
1_4_1_12_5,UBC Transformative Inclusive Pedagogical Practices Project,Well-being In Learning Environments,https://educ.ubc.ca/tipp/
1_4_1_12_6,Gender inclusion in the classroom” - University of Victoria,Well-being In Learning Environments,https://www.uvic.ca/equity/education/transinclusion/classroom/index.php
1_4_1_12_7,Trans-informed pedagogy & teaching,Well-being In Learning Environments,https://sites.google.com/site/vernharnermsw/pedagogy?authuser=0
1_4_1_12_9,TransFocus Consulting Insight Series,Well-being In Learning Environments,https://www.transfocus.ca/insights
1_4_1_12_10,LGBTQ+ Initiatives - Simon Fraser University (sfu.ca),Well-being In Learning Environments,https://www.sfu.ca/gsws/community/2SLGBTQIA-initiatives/
1_4_1_12_11,Out on Campus - SFU Student Society,Well-being In Learning Environments,https://sfss.ca/ooc/
1_4_1_12_12,Trans Community - SFU Library,Well-being In Learning Environments,https://www.lib.sfu.ca/help/academic-integrity/transgender-community?_gl=1*1jwb5te*_gcl_au*MTE4MDgxMDAxNS4xNzYyMTQwNDU1*_ga*MTAyNDk1MTU3Ni4xNzUxODM0MDA1*_ga_R4BCVYL1QF*czE3NjM4OTcxNDYkbzIzJGcxJHQxNzYzODk5NTA4JGo0MCRsMCRoMA..
1_4_1_12_13,"SFU Equity, Diversity, and Inclusion - Simon Fraser university (sfu.ca)",Well-being In Learning Environments,https://www.sfu.ca/vpacademic/equitydiversity-and-inclusion/edi-resources.html
1_4_1_12_14,Trans Care BC - Provincial Health Services Authority,Well-being In Learning Environments,https://www.phsa.ca/our-services/programs-services/trans-care-bc
1_4_1_12_15,Catherine White Holman Wellness Centre,Well-being In Learning Environments,https://cwhwc.com/
1_4_1_12_16,"QMUNITY - BC’s Queer, Trans, and Two-Spirit Resource Centre",Well-being In Learning Environments,https://www.qmunity.ca/
1_4_1_14_1,5-Minute Well-being Activities - Resource Library - Healthy Campus Communities,Well-being In Learning Environments,https://www.sfu.ca/healthycampuscommunity/learningenvironments/resource-library/resources/kevin-lam.html
1_4_1_14_2,8 Ways to Build Resilience - Resource Library - Healthy Campus Communities,Well-being In Learning Environments,https://www.sfu.ca/healthycampuscommunity/learningenvironments/resource-library/resources/8-ways-to-build-resilience.html
1_4_1_14_3,Active Learning Techniques - Resource Library - Healthy Campus Communities,Well-being In Learning Environments,https://www.sfu.ca/healthycampuscommunity/learningenvironments/resource-library/resources/activelearningtechniques.html
1_4_1_14_4,Assignment and Assessment Design - Resource Library - Healthy Campus Communities,Well-being In Learning Environments,https://www.sfu.ca/healthycampuscommunity/learningenvironments/resource-library/resources/assignment-and-assessment-design.html
1_4_1_14_5,Bouncing Forward Resilience Course - Resource Library - Healthy Campus Communities,Well-being In Learning Environments,https://www.sfu.ca/healthycampuscommunity/learningenvironments/resource-library/resources/bouncing-back.html
1_4_1_14_6,Celebratory Research Poster Sessions - Resource Library - Healthy Campus Communities,Well-being In Learning Environments,https://www.sfu.ca/healthycampuscommunity/learningenvironments/resource-library/resources/celebratory-research-poster-sessions.html
1_4_1_14_7,City Studio - Resource Library - Healthy Campus Communities,Well-being In Learning Environments,https://www.sfu.ca/healthycampuscommunity/learningenvironments/resource-library/resources/city-studio.html
1_4_1_14_8,Contractual Agreement - Resource Library - Healthy Campus Communities,Well-being In Learning Environments,https://www.sfu.ca/healthycampuscommunity/learningenvironments/resource-library/resources/contractual-agreement.html
1_4_1_14_9,Creating Class Guidelines for Working Together - Resource Library - Healthy Campus Communities,Well-being In Learning Environments,https://www.sfu.ca/healthycampuscommunity/learningenvironments/resource-library/resources/creating-class-guidelines.html
1_4_1_14_10,Creative Pre-class Activities for Social Connectedness and Student Engagement - Resource Library - Healthy Campus Communities,Well-being In Learning Environments,https://www.sfu.ca/healthycampuscommunity/learningenvironments/resource-library/resources/creative-pre-class-activities-for-social-connectedness-and-student-engagement.html
1_4_1_14_11,English as an Additional Language (SFU) - Resource Library - Healthy Campus Communities,Well-being In Learning Environments,https://www.sfu.ca/healthycampuscommunity/learningenvironments/resource-library/resources/eal.html
1_4_1_14_12,First Day and Midterm Questionnaires - Resource Library - Healthy Campus Communities,Well-being In Learning Environments,https://www.sfu.ca/healthycampuscommunity/learningenvironments/resource-library/resources/first-day-and-midterm-questionnaires.html
1_4_1_14_13,Ideas for Social Connection Start Ups - Resource Library - Healthy Campus Communities,Well-being In Learning Environments,https://www.sfu.ca/healthycampuscommunity/learningenvironments/resource-library/resources/social-connection-start-ups.html
1_4_1_14_14,Inclusive Classrooms Checklist - Resource Library - Healthy Campus Communities,Well-being In Learning Environments,https://www.sfu.ca/healthycampuscommunity/learningenvironments/resource-library/resources/inclusive-classrooms-checklist.html
1_4_1_14_15,Informational Interview Assignment - Resource Library - Healthy Campus Communities,Well-being In Learning Environments,https://www.sfu.ca/healthycampuscommunity/learningenvironments/resource-library/resources/tara-immell.html
1_4_1_14_16,Intercultural Competencies - Resource Library - Healthy Campus Communities,Well-being In Learning Environments,https://www.sfu.ca/healthycampuscommunity/learningenvironments/resource-library/resources/intercultural-competencies.html
1_4_1_14_17,Involvement Opportunities - Resource Library - Healthy Campus Communities,Well-being In Learning Environments,https://www.sfu.ca/healthycampuscommunity/learningenvironments/resource-library/resources/involvement-opportunities.html
1_4_1_14_18,Make Space - Resource Library - Healthy Campus Communities,Well-being In Learning Environments,https://www.sfu.ca/healthycampuscommunity/learningenvironments/resource-library/resources/wellness-wheel.html
1_4_1_14_19,Media Labs and Embodied Humanities - Resource Library - Healthy Campus Communities,Well-being In Learning Environments,https://www.sfu.ca/healthycampuscommunity/learningenvironments/resource-library/resources/media-labs-and-embodied-humanities.html
1_4_1_14_20,Meditation - Resource Library - Healthy Campus Communities,Well-being In Learning Environments,https://www.sfu.ca/healthycampuscommunity/learningenvironments/resource-library/resources/meditation.html
1_4_1_14_21,Practices that support student well-being in remote (or in-person) settings - Resource Library - Healthy Campus Communities,Well-being In Learning Environments,https://www.sfu.ca/healthycampuscommunity/learningenvironments/resource-library/resources/practices-that-support-student-well-being-in-remote.html
1_4_1_14_22,Recognizing & Referring Students in Difficulty - Resource Library - Healthy Campus Communities,Well-being In Learning Environments,https://www.sfu.ca/healthycampuscommunity/learningenvironments/resource-library/resources/recognizing-referring-students-in-difficulty.html
1_4_1_14_23,SFU's Response Guide for Faculty and Staff - Resource Library - Healthy Campus Communities,Well-being In Learning Environments,https://www.sfu.ca/healthycampuscommunity/learningenvironments/resource-library/resources/sfu-response-guide.html
1_4_1_14_24,San'yas Indigenous Cultural Safety Training (PHSA) - Resource Library - Healthy Campus Communities,Well-being In Learning Environments,https://www.sfu.ca/healthycampuscommunity/learningenvironments/resource-library/resources/sanyas-indigenous-cultural-safety-training.html
1_4_1_14_25,Stress Reduction Tips - Resource Library - Healthy Campus Communities,Well-being In Learning Environments,https://www.sfu.ca/healthycampuscommunity/learningenvironments/resource-library/resources/stress-reduction-tips.html
1_4_1_14_26,Stretch Break - Resource Library - Healthy Campus Communities,Well-being In Learning Environments,https://www.sfu.ca/healthycampuscommunity/learningenvironments/resource-library/resources/basic-stretching.html
1_4_1_14_27,Supporting EAL Learners - Resource Library - Healthy Campus Communities,Well-being In Learning Environments,https://www.sfu.ca/healthycampuscommunity/learningenvironments/resource-library/resources/supporting-eal-learners.html
1_4_1_14_28,Syllabus Language Regarding Stress and Support Services for Mental Well-being - Resource Library - Healthy Campus Communities,Well-being In Learning Environments,https://www.sfu.ca/healthycampuscommunity/learningenvironments/resource-library/resources/syllabus-language.html
1_4_1_14_29,TLC: Experiential Learning Casebook - Resource Library - Healthy Campus Communities,Well-being In Learning Environments,https://www.sfu.ca/healthycampuscommunity/learningenvironments/resource-library/resources/experiential-learning.html
1_4_1_14_30,Team Based Learning - Resource Library - Healthy Campus Communities,Well-being In Learning Environments,https://www.sfu.ca/healthycampuscommunity/learningenvironments/resource-library/resources/peter-ruben.html
1_4_1_14_31,Teaching Philosophy of Stephen Brown - Resource Library - Healthy Campus Communities,Well-being In Learning Environments,https://www.sfu.ca/healthycampuscommunity/learningenvironments/resource-library/resources/stephen-brown.html
1_4_1_14_32,Team Style Grading Rubric - Resource Library - Healthy Campus Communities,Well-being In Learning Environments,https://www.sfu.ca/healthycampuscommunity/learningenvironments/resource-library/resources/team-style-grading-rubric.html
1_4_1_14_33,Template for Feedback - Resource Library - Healthy Campus Communities,Well-being In Learning Environments,https://www.sfu.ca/healthycampuscommunity/learningenvironments/resource-library/resources/template-feedback.html
1_4_1_14_34,Ten Strategies for Inclusivity in Remote or Online Learning Environments - Resource Library - Healthy Campus Communities,Well-being In Learning Environments,https://www.sfu.ca/healthycampuscommunity/learningenvironments/resource-library/resources/ten-inclusivity-strategies.html
1_4_1_14_35,The “Work-window” Time Management Method for Individual and Group Assignments - Resource Library - Healthy Campus Communities,Well-being In Learning Environments,https://www.sfu.ca/healthycampuscommunity/learningenvironments/resource-library/resources/the-work-window-time-management-method-for-individual-and-group-assignments.html
1_4_1_14_36,Tips for an Accessible Learning Environment - Resource Library - Healthy Campus Communities,Well-being In Learning Environments,https://www.sfu.ca/healthycampuscommunity/learningenvironments/resource-library/resources/accessible-learning-environment.html
1_4_1_14_37,Trans and queer supportive spaces: resource guide - Resource Library - Healthy Campus Communities,Well-being In Learning Environments,https://www.sfu.ca/healthycampuscommunity/learningenvironments/resource-library/resources/gender-neutral.html
1_4_1_14_38,Universal Design for Learning in Post-secondary Education - Resource Library - Healthy Campus Communities,Well-being In Learning Environments,https://www.sfu.ca/healthycampuscommunity/learningenvironments/resource-library/resources/universal-design-for-learning.html
1_4_1_14_39,Using Data to Answer Questions - Resource Library - Healthy Campus Communities,Well-being In Learning Environments,https://www.sfu.ca/healthycampuscommunity/learningenvironments/resource-library/resources/using-data-to-answer-questions.html
1_4_1_14_40,"Using Digital Tools to Support Student Engagement, Collaboration, and Well-being - Resource Library - Healthy Campus Communities",Well-being In Learning Environments,https://www.sfu.ca/healthycampuscommunity/learningenvironments/resource-library/resources/using-digital-tools-to-support-student-engagement-collaboration-and-well-being.html
1_4_1_14_41,Well-Being Check-Ins and Tips for Online Learning Environments - Resource Library - Healthy Campus Communities,Well-being In Learning Environments,https://www.sfu.ca/healthycampuscommunity/learningenvironments/resource-library/resources/well-being-check-ins-and-tips-online-learning-environments.html
1_4_1_14_42,Write and Reflect - Resource Library - Healthy Campus Communities,Well-being In Learning Environments,https://www.sfu.ca/healthycampuscommunity/learningenvironments/resource-library/resources/jenny-scott.html
1_4_1_15_1,The Okanagan Charter - Health Promoting Campuses,Healthy Campus Communities,https://healthpromotingcampuses.squarespace.com/
1_4_1_15_2,Contact us - Healthy Campus Communities,Contact & Support Information,https://www.sfu.ca/healthycampuscommunity/about/contact-us.html
1_4_1_15_3,Background and Rationale - Healthy Campus Communities,Healthy Campus Communities,https://www.sfu.ca/healthycampuscommunity/about/background-and-rationale.html
1_4_1_15_4,Impact on Student Well-being - healthy campus communities,Healthy Campus Communities,https://www.sfu.ca/healthycampuscommunity/about/reports.html
1_2,"Support & Resources - Health & Counselling - 
Simon Fraser University (sfu.ca)",SFU Support Resources for Students,https://www.sfu.ca/students/health/support-resources.html
1_2_1,"Talk to Someone Now - Health & Counselling - Simon 
Fraser University (sfu.ca)",Online and Digital Counselling Resources,https://www.sfu.ca/students/health/support-resources/talk-now.html
1_2_2,"My SSP - Health & Counselling - Simon Fraser University 
(sfu.ca)",Online and Digital Counselling Resources,https://www.sfu.ca/students/health/support-resources/my-ssp.html
1_2_3,"Emergency Contacts - Health & Counselling - Simon Fraser 
University (sfu.ca)",Supporting Student In Distress and Critical Incidents,https://www.sfu.ca/students/health/emergency.html
1_2_4,"Counselling Services & Individual Support - Health & 
Counselling - Simon Fraser Univsersity (sfu.ca)",SFU Support Resources for Students,https://www.sfu.ca/students/health/support-resources/counselling-services.html
1_2_5,"International Students Support - Health & Counselling - 
Simon Fraser University (sfu.ca)","Support and Resources for International 
Students",https://www.sfu.ca/students/health/support-resources/counselling-services/SupportForInternationalStudents.html 
1_2_6,"Identity & Community - Health & Counselling - Simon Fraser 
University (sfu.ca)",SFU Support Resources for Students,https://www.sfu.ca/students/health/support-resources/identity.html 
1_2_7,"Group Support - Health & Counselling - Simon Fraser University
(sfu.ca)",SFU Support Resources for Students,https://www.sfu.ca/students/health/support-resources/group-support.html
1_2_8,"Community Support - Health & Counselling - Simon Fraser 
University (sfu.ca)",SFU Support Resources for Students,https://www.sfu.ca/students/health/support-resources/community-support.html
1_2_9,"Self-Led Resources - Health & Counselling - Simon Fraser 
University (sfu.ca)",SFU Support Resources for Students,https://www.sfu.ca/students/health/support-resources/self-led.html
1_2_10,"Student Mental Health & Well-Being Framework - Healthy Campus 
Community - Simon Fraser University (sfu.ca)",Creating a Culture of Care,https://www.sfu.ca/healthycampuscommunity/about/wellbeing-framework.html
1_2_11,"Overdose Prevention - Support Resources - Simon Fraser 
University (sfu.ca)",Overdose Prevention,https://www.sfu.ca/students/health/support-resources/overdose-prevention.html
1_2_2_3,TELUS Health Student Support - App Store (apps.apple.com),Online and Digital Counselling Resources,https://apps.apple.com/us/app/telus-health-student-support/id1112006222
1_2_2_4,TELUS Health Sutdent Support - Apps on Google Play (play.google.com),Online and Digital Counselling Resources,https://play.google.com/store/apps/details?id=com.onetapsolutions.morneau.myissp&hl=en&pli=1
1_2_2_5,Everything you need to know about WiFi calling (cnet.com),Online and Digital Counselling Resources,https://www.cnet.com/tech/mobile/what-is-wifi-calling-tmobile-verizon-att-google-fi-sprint-setup-faq/
1_2_3_2,Emergency care (vch.ca),Supporting Student In Distress and Critical Incidents,https://www.vch.ca/en/health-topics/emergency-care
1_2_3_3,Get Help | 9-8-8: Suicide Crisis Hotline (988.ca),Supporting Student In Distress and Critical Incidents,https://988.ca/
1_2_3_5,,Overdose Prevention,https://www.sfu.ca/students/health/emergency/overdose.html
1_2_3_6,Emergency - Simon Fraser University (sfu.ca),Safety and Emergencies,https://www.sfu.ca/emergency
1_2_4_2,Here2Talk (here2talk.ca),Online and Digital Counselling Resources,https://here2talk.ca/main
1_2_4_3,Health and Dental - Simon Fraser Student Society (sfss.ca),Medical Appointment & Clinical Services,https://sfss.ca/services/health-and-dental/
1_2_4_4,Home (studentcare.ca),Medical Appointment & Clinical Services,https://studentcare.ca/rte/en/IHaveAPlan_SFUSimonFraserUniversitygraduatestudentsGSS_Home
1_2_5_1,"Global Student Centre - International Student Advising and Programs - Simon 
Fraser University (sfu.ca)","Support and Resources for International 
Students",https://www.sfu.ca/students/isap/gsc.html#gsccal
1_2_5_2,International Services for Students - Simon Fraser University (sfu.ca),"Support and Resources for International 
Students",https://www.sfu.ca/students/iss.html
1_2_5_3,"Global Student Centre Events - International Student Advising and Programs - 
Simon Fraser University (sfu.ca)","Support and Resources for International 
Students",https://www.sfu.ca/students/isap/gsc/gscevents.html
1_2_6_1,"Black Student Support and Healing Space - Health & Counselling - Simon 
Fraser University (sfu.ca)",BIPOC Resources,https://www.sfu.ca/students/health/support-resources/group-support/healingspace.html
1_2_6_2,"Health and Wellbeing - Indigenous Student Centre - Simon Fraser University 
(sfu.ca)",BIPOC Resources,https://www.sfu.ca/students/indigenous/wellness.html
1_2_6_3,Mental Health Benefit (fnha.ca),BIPOC Resources,https://www.fnha.ca/benefits/mental-health
1_2_6_4,"Support for Black Students - Health & Counselling - Simon Fraser University 
(sfu.ca)",BIPOC Resources,https://www.sfu.ca/students/health/support-resources/counselling-services/black-students.html
1_2_6_5,"Black Community Resources - SFU Black Caucus - Simon Fraser University 
(sfu.ca)",BIPOC Resources,https://www.sfu.ca/black-caucus/black-community-resources.html
1_2_6_7,International Student Advising and Programs - Simon Fraser University (sfu.ca),"Support and Resources for International 
Students",https://www.sfu.ca/students/isap.html
1_2_7_1,ADHD Workshop - Health & Counselling - Simon Fraser University (sfu.ca),Group Support,https://www.sfu.ca/students/health/support-resources/group-support/adhd-workshop.html
1_2_7_2,Better Boundaries - Health & Counselling - Simon Fraser University (sfu.ca),Group Support,https://www.sfu.ca/students/health/support-resources/group-support/better-boundaries.html
1_2_7_3,Climate Change Anxiety - Health & Counselling - Simon Fraser University (sfu.ca),Group Support,https://www.sfu.ca/students/health/support-resources/group-support/climate-anxiety.html
1_2_7_4,"Dialectical Behaviour Therapy - Health & Counselling - Simon Fraser University 
(sfu.ca)",Group Support,https://www.sfu.ca/students/health/support-resources/group-support/dialectical-behaviour-therapy.html
1_2_7_5,"Dissertation & Thesis Support Group - Health & Counselling - Simon Fraser 
University (sfu.ca)",Group Support,https://www.sfu.ca/students/health/support-resources/group-support/thesis-support.html
1_2_7_6,"Dungeons & Worry Dragons - Health & Counselling - Simon Fraser University 
(sfu.ca)",Group Support,https://www.sfu.ca/students/health/support-resources/group-support/dungeons-dragons-sfu.html
1_2_7_7,"Garden Therapy for Self-Care - Health & Counselling - Simon Fraser University
(sfu.ca)",Group Support,https://www.sfu.ca/students/health/support-resources/group-support/garden-therapy.html
1_2_7_8,"International Student Support Group - Health & Counselling - Simon Fraser 
University (sfu.ca)","Support and Resources for International 
Students",https://www.sfu.ca/students/health/support-resources/group-support/international-student-support-group.html
1_2_7_9,Mindfulness Meditation - Health & Counselling - Simon Fraser University (sfu.ca),Group Support,https://www.sfu.ca/students/health/support-resources/group-support/mindfulness-meditation-sfu.html
1_2_7_10,Nurturing Reslience - Health & Counselling - Simon Fraser University (sfu.ca),Group Support,https://www.sfu.ca/students/health/support-resources/group-support/nurturing-resilience.html
1_2_7_11,"Understanding Anxiety and Depression - Health & Counselling - Simon Fraser 
University (sfu.ca)",Group Support,https://www.sfu.ca/students/health/support-resources/group-support/understanding-anxiety.html
1_2_7_12,Understanding Trauma - Health & Counselling - Simon Fraser University (sfu.ca),Group Support,https://www.sfu.ca/students/health/support-resources/group-support/trauma-seminar.html
1_2_7_13,"2SLGBTQIA+ Questioning Group - Health & Counselling - Simon Fraser 
University (sfu.ca)",Group Support,https://www.sfu.ca/students/health/support-resources/group-support/2SLGBTQIA.html
1_2_7_14,"Healthy Gaming Workshop - Health & Counselling - Simon Fraser University
(sfu.ca)",Group Support,https://www.sfu.ca/students/health/support-resources/group-support/healthy-gaming.html
1_2_7_15,"Sooner or Later: Procrastination Support - Health & Counselling - Simon Fraser 
University (sfu.ca)",Group Support,https://www.sfu.ca/students/health/support-resources/group-support/Procrastination.html
1_2_7_16,"Breathwork and Meditation - Health & Counselling - Simon Fraser University 
(sfu.ca)",Group Support,https://www.sfu.ca/students/health/support-resources/group-support/breathwork-and-meditation.html
1_2_8_2,Find Doctors & Healthcare Providers Near Me | Medimap,Medical Appointment & Clinical Services ,https://medimap.ca/
1_2_9_1,Bouncing Forward: Online Resilience Training - Health & Counselling (sfu.ca),Self-Led Resources,https://www.sfu.ca/students/health/support-resources/self-led/bouncing-forward.html
1_2_9_2,"8 Ways to Build Resilience - Health & Counselling - Simon Fraser University 
(sfu.ca)",Self-Led Resources,https://www.sfu.ca/students/health/support-resources/self-led/8-ways-to-build-resilience.html
1_2_9_3,"Enroll in Sooner or Later? A Self-Paced Procrastination Management Program 
(canvas.sfu.ca)",Self-Led Resources,https://canvas.sfu.ca/enroll/JFFW94
1_2_9_4,"Anytime access 2025 Understanding and coping with anxiety and depression 
(canvas.sfu.ca)",Self-Led Resources,https://canvas.sfu.ca/courses/88014
1_2_9_6,Supporting Students in Distress (canvas.sfu.ca),Self-Led Resources,https://canvas.sfu.ca/courses/59634
1_2_9_8,BellyBio Interactive Breathing App - App Store (apps.apple.com),Self-Led Resources,https://apps.apple.com/ca/app/bellybio-interactive-breathing/id353763955
1_2_9_10,Happify: Science-Based Activities and Games (happify.com),Self-Led Resources,https://www.happify.com/
1_2_9_11,Mental Health App for Meditation and Sleep - Headspace (headspace.com),Self-Led Resources,https://www.headspace.com/
1_2_9_13,MoodMission (moodmission.com),Self-Led Resources,https://moodmission.com/
1_2_9_14,The Safe Place - Apps on Google Play (play.google.com),Self-Led Resources,https://play.google.com/store/apps/details?id=com.he6ecb72aef1&hl=en_CA
1_2_10_1,Okanagan Charter — Canadian Health Promoting Campuses Network,Creating a Culture of Care,https://healthpromotingcampuses.squarespace.com/okanagan-charter
1_2_10_2,"National Standard for Mental Health and Well-Being for Post-Secondary 
Students - Mental Health Commission of Canada (mentalhealthcommission.ca)",Creating a Culture of Care,https://mentalhealthcommission.ca/studentstandard/
1_2_10_3,Scarborough Charter | Office of the Vice-Principle & Principle (utsc.utoronto.ca),BIPOC Resources,https://www.utsc.utoronto.ca/principal/scarborough-charter
1_2_10_4,"Reconciliation Reports - Office for Indigenous Peoples-2025 - Simon Fraser 
University (sfu.ca)",BIPOC Resources,https://www.sfu.ca/aboriginalpeoples/sfu-reconciliation/reconciliation-reports.html
1_2_10_5,"SFU Undergraduate Student Survey - Institutional Research and Planning - 
Simon Fraser University (sfu.ca)","Support and Resources for International 
Students",https://www.sfu.ca/irp/surveys/ugss.html
1_2_10_6,"People Plan - VP Peopee, Equity & Inclusion - Simon Fraser Unversity (sfu.ca)",BIPOC Resources,https://www.sfu.ca/vp-people-equity-inclusion/about-the-vppei/people-plan.html
1_2_10_7,"Impact on Students - Healthy Campus Community - Simon Fraser University 
(sfu.ca)",Creating a Culture of Care,https://www.sfu.ca/healthycampuscommunity/learningenvironments/impact-on-students.html
1_2_11_1,Fentanyl | CAMH (camh.ca),Overdose Prevention,https://www.camh.ca/en/health-info/mental-illness-and-addiction-index/street-fentanyl
1_2_11_2,"Benzodiazepines: About them, health effects, risks and withdrawal - Canada.ca",Overdose Prevention,https://www.canada.ca/en/health-canada/services/substance-use/controlled-illegal-drugs/benzodiazepines.html
1_2_11_3,Prescription Opiods | CAMH (camh.cao),Overdose Prevention,https://www.camh.ca/en/health-info/mental-illness-and-addiction-index/prescription-opioids
1_2_11_4,What is Drug Checking • BCCSU Drug Checking,Overdose Prevention,https://drugcheckingbc.ca/what-is-drug-checking/
1_2_11_5,Drug Checking | Vancouver Coastal Health (vch.ca),Overdose Prevention,https://www.vch.ca/en/service/drug-checking
1_2_11_6,For People Who Use Substances | Toward the Heart (towardtheheart.com),Overdose Prevention,https://towardtheheart.com/alerts
1_2_11_7,Safer Sex & Drug Use | Toward the Heart (towardtheheart.com),Overdose Prevention,https://towardtheheart.com/safer-use
1_2_11_8,Lifegaurd Digital Health Inc. | Lifeguard Digital Health (lifeguarddh.com),Online and Digital Counselling Servces,https://lifeguarddh.com/
1_2_11_11,About the Good Samaritan Overdose Act - Canada.ca (canada.ca),Overdose Prevention,https://www.canada.ca/en/health-canada/services/opioids/about-good-samaritan-drug-overdose-act.html
1_2_11_12,Naloxone | Toward the Heart (towardtheheart.com),Overdose Prevention,https://towardtheheart.com/naloxone
1_2_11_13,Find a harm Reduction Site | Toward the Heart (towardtheheart.com),Overdose Prevention,https://towardtheheart.com/site-finder
1_2_11_14,Toward the Heart (towardtheheart.com),Overdose Prevention,https://towardtheheart.com/
1_2_11_15,"Employmee and Family Assistance Program (EFAP) - People Strategies - 
Simon Fraser University (sfu.ca)",Medical Appointment & Clinical Services,https://www.sfu.ca/human-resources/efap.html
1_2_11_16,Search Results | HealthLink BC (healthlinkbc.ca),Overdose Prevention,https://www.healthlinkbc.ca/search?kw=adirs
1_2_11_17,"BC Mental Health & Substance Use Servces | BC Mental Health and Substance 
Use Services (bcmhsus.ca)",Overdose Prevention,https://www.bcmhsus.ca/
1_2_11_18,We're here to help | Here to Help (heretohelp.bc.ca),Overdose Prevention,https://www.heretohelp.bc.ca/
1_2_11_19,Naloxone Course | Toward the Heart (towardtheheart.com),Overdose Prevention,https://towardtheheart.com/naloxone-course
1_2_3_5_1,Home — Take Home Naloxone (naloxonetraining.com),Overdose Prevention,https://www.naloxonetraining.com/
1_2_3_6_1,Active threat - Risk & emergency planning - Simon Fraser University (sfu.ca),Safety and Emergencies,https://www.sfu.ca/srs/risk-emergency-planning/emergency-preparedness/emergency-procedures/active-threat.html
1_2_3_6_2,Bomb threat - Risk & emergency planning - Simon Fraser University (sfu.ca),Safety and Emergencies,https://www.sfu.ca/srs/risk-emergency-planning/emergency-preparedness/emergency-procedures/bomb-threat.html
1_2_3_6_3,"Building evacuation - Risk & emergency planning - Simon Fraser University
 (sfu.ca)",Safety and Emergencies,https://www.sfu.ca/srs/risk-emergency-planning/emergency-preparedness/emergency-procedures/building-evacuation.html
1_2_3_6_4,Earthquake - Risk & emergency planning - Simon Fraser University (sfu.ca),Safety and Emergencies,https://www.sfu.ca/srs/risk-emergency-planning/emergency-preparedness/emergency-procedures/earthquake.html
1_2_3_6_5,Fire - Risk & emergency planning - Simon Fraser University (sfu.ca),Safety and Emergencies,https://www.sfu.ca/srs/risk-emergency-planning/emergency-preparedness/emergency-procedures/fire.html
1_2_3_6_6,Procedures - Risk & emergency planning - Simon Fraser University (sfu.ca),Safety and Emergencies,https://www.sfu.ca/srs/work-research-safety/research-safety/lab-safety/procedures1.html
1_2_3_6_7,"Medical emergency - Risk & emergency planning - Simon Fraser University 
(sfu.ca)",Safety and Emergencies,https://www.sfu.ca/srs/risk-emergency-planning/emergency-preparedness/emergency-procedures/medical-emergency.html
1_2_3_6_8,Pandemic - Risk & emergency planning - Simon Fraser University (sfu.ca),Safety and Emergencies,https://www.sfu.ca/srs/risk-emergency-planning/emergency-preparedness/emergency-procedures/pandemic.html
1_2_3_6_9,Power outage - Risk & emergency planning - Simon Fraser University (sfu.ca),Safety and Emergencies,https://www.sfu.ca/srs/risk-emergency-planning/emergency-preparedness/emergency-procedures/power-outage.html
1_2_3_6_10,Severe weather - Risk & emergency planning - Simon Fraser University (sfu.ca),Safety and Emergencies,https://www.sfu.ca/srs/risk-emergency-planning/emergency-preparedness/emergency-procedures/severe-weather.html
1_2_3_6_11,Shelter in place - Risk & emergency planning - Simon Fraser University (sfu.ca),Safety and Emergencies,https://www.sfu.ca/srs/risk-emergency-planning/emergency-preparedness/emergency-procedures/shelter-in-place.html
1_2_3_6_12,Safe Walk - Campus safety & security - Simon Fraser University (sfu.ca),Safety and Emergencies,https://www.sfu.ca/srs/campus-safety-security/public-safety/safe-walk.html
1_2_3_6_13,SFU Alerts - Simon Fraser University,Safety and Emergencies,https://www.sfu.ca/sfualerts.html
1_2_3_6_14,Training - Safety & Risk Services - Simon Fraser University (sfu.ca),Safety and Emergencies,https://www.sfu.ca/srs/training.html
1_2_3_6_15,Report an incident - Safety & Risk Services - Simon Fraser University (sfu.ca),Safety and Emergencies,https://www.sfu.ca/srs/contact/report/report-incident.html
1_2_3_6_16,Report a hazard - Safety & Risk Services - Simon Fraser University (sfu.ca),Safety and Emergencies,https://www.sfu.ca/srs/contact/report/report-hazard.html
1_2_3_6_17,"Cardiac arrest and Automated Exernal Defibrilator (AED) - Risk & emergency
planning - Simon Fraser University (sfu.ca)",Safety and Emergencies,https://www.sfu.ca/srs/risk-emergency-planning/emergency-preparedness/emergency-procedures/medical-emergency/cardiac-arrest.html
1_2_5_1_1,"International Student Experience Support - International Student Advising and 
Programs - Simon Fraser University (sfu.ca)","Support and Resources for International 
Students",https://www.sfu.ca/students/isap/gsc/ises.html
1_2_5_1_2,Room Finder - Simon Fraser University (roomfinder.sfu.ca),,https://roomfinder.sfu.ca/apps/sfuroomfinder_web/?q=AQ%202013
1_1_11_1,"International & US Graduate students - Medical Insurance - Simon Fraser 
University (sfu.ca)","Support and Resources for International 
Students",https://www.sfu.ca/medical-insurance/g-international-us-students.html
1_1_11_2,"Canadian Citizens & Permanent Residents: Graduates - Medical Insurance - 
Simon Fraser University (sfu.ca)","Support and Resources for International 
Students",https://www.sfu.ca/medical-insurance/graduate-canadian-citizens-permanent-residents.html
1_2_6_1_1,Metamorphose Counselling – Where Transformation Begins (metacounselling.com),BIPOC Resources,https://www.metacounselling.com/
1_2_6_4_1,SOCA Black Student Support Centre - Simon Fraser Student Society (sfu.ca),BIPOC Resources,https://sfss.ca/black-student-support-centre/
1_2_6_4_2,"Directory of BIPOC of Counsellors & Therapists that truly get you! 
(healingincolour.com)",BIPOC Resources,https://www.healingincolour.com/
1_2_6_5_4,Institute for Diaspora Research & Engagement - Simon Fraser University (sfu.ca),BIPOC Resources,https://www.sfu.ca/diaspora-institute.html
1_2_6_5_5,Hogan's Alley Society (hogansalleysociety.org),BIPOC Resources,https://www.hogansalleysociety.org/
1_2_6_5_6,Support Black Causes and Businesses in Greater Vancouver (docs.google.com),BIPOC Resources,https://docs.google.com/document/d/1QGvp31vvjbpn3PS0nQligNGe4SwSKH3BHpfb9WOABmg/mobilebasic
1_2_6_5_8,"Resources for Self-Care | Anti-Racism Resources 
(https://antiracismresources.hsites.harvard.edu)",BIPOC Resources,https://antiracismresources.hsites.harvard.edu/bipoc/selfcare
1_2_6_5_9,BEAM: Black Emotional and Mental Health Collective (beam.community/),BIPOC Resources,https://beam.community/
1_2_6_5_10,"44 Black Mental Health Support Resources for Anyone Who Needs Them | SELF 
(self.com)",BIPOC Resources,https://www.self.com/story/black-mental-health-resources
1_2_6_5_11,Mental Health Resources for the BIPOC Community (innerbody.com),BIPOC Resources,https://www.innerbody.com/mental-health-resources-for-bipoc
1_2_6_11_1,"Connect with Us - Sexual Violence Support & Prevention Office - 
Simon Fraser University (sfu.ca)",Sexual Violence Support and Prevention,https://www.sfu.ca/sexual-violence/get-help/contact-us.html
1_2_6_11_2,"Help for students - Sexual Violence Support & Prevention Office - Simon Fraser 
University (sfu.ca)",Sexual Violence Support and Prevention,https://www.sfu.ca/sexual-violence/get-help/help-for-students.html
1_2_6_11_3,"Help for faculty and staff - Sexual Violence Support & Prevention Office - Simon 
Fraser University (sfu.ca)",Sexual Violence Support and Prevention,https://www.sfu.ca/sexual-violence/get-help/help-for-faculty-and-staff.html
1_2_6_11_4,"Make a report - Sexual Violence Support & Prevention Office - Simon Fraser 
University (sfu.ca)",Sexual Violence Support and Prevention,https://www.sfu.ca/sexual-violence/get-help/make-a-report.html
1_2_6_11_5,"Anonymous Allegations - Sexual Violence Support & Prevention Office - Simon 
Fraser University (sfu.ca)",Sexual Violence Support and Prevention,https://www.sfu.ca/sexual-violence/get-help/anonymous-allegations.html
1_2_6_11_6,"Relationship Violence - Sexual Violence Support & Prevention Office - Simon 
Fraser University (sfu.ca)",Sexual Violence Support and Prevention,https://www.sfu.ca/sexual-violence/get-help/relationship-violence.html
1_2_6_11_7,"Technology-Facilitated Sexualized Violence - Sexual Violence Support & Prevention 
Office - Simon Fraser University (sfu.ca)",Sexual Violence Support and Prevention,https://www.sfu.ca/sexual-violence/get-help/technology-facilitated-sexualized-violence-.html
1_2_6_11_8,"Resources for respondents - Sexual Violence Support & Prevention Office - Simon 
Fraser University (sfu.ca)",Sexual Violence Support and Prevention,https://www.sfu.ca/sexual-violence/get-help/resources-for-respondents.html
1_2_6_11_9,"Self care - Sexual Violence Support & Prevention Office - Simon Fraser University 
(sfu.ca)",Sexual Violence Support and Prevention,https://www.sfu.ca/sexual-violence/get-help/self-care.html
1_2_6_11_10,"Translated SVSPO Brochures - Sexual Violence Support & Prevention Office - Simon 
Fraser University (sfu.ca)",Sexual Violence Support and Prevention,https://www.sfu.ca/sexual-violence/get-help/download-svspo-brochures.html
1_2_6_11_11,"Frequently Asked Questions - Sexual Violence Support & Prevention Office - Simon 
Fraser University (sfu.ca)",Sexual Violence Support and Prevention,https://www.sfu.ca/sexual-violence/get-help/frequently-asked-questions.html
1_2_6_11_12,"Phone and Video Guidelines - Sexual Violence Support & Prevention Office - 
Simon Fraser University (sfu.ca)",Sexual Violence Support and Prevention,https://www.sfu.ca/sexual-violence/get-help/Phone-and-Video-Guidelines.html
1_2_6_11_13,"Responding to Disclosures - Sexual Violence Support & Prevention Office - 
Simon Fraser University (sfu.ca)",Sexual Violence Support and Prevention,https://www.sfu.ca/sexual-violence/supporting-survivors/responding-to-disclosures.html
1_2_6_11_14,"Dear Survivor Poster - Sexual Violence Support & Prevention Office - Simon Fraser 
University (sfu.ca)",Sexual Violence Support and Prevention,https://www.sfu.ca/sexual-violence/supporting-survivors/-dearsurvivorsfu.html
1_2_6_11_15,"Request a Workshop - Sexual Violence Support & Prevention Office - Simon Fraser 
University (sfu.ca)",Sexual Violence Support and Prevention,https://www.sfu.ca/sexual-violence/education-prevention/request-a-workshop.html
1_2_6_11_16,"Safer Campuses for Everyone - Sexual Violence Support & Prevention Office - 
Simon Fraser University (sfu.ca)",Sexual Violence Support and Prevention,https://www.sfu.ca/sexual-violence/education-prevention/safer-campuses-for-everyone.html
1_2_6_11_17,"Definitions - Sexual Violence Support & Prevention Office - Simon Fraser University 
(sfu.ca)",Sexual Violence Support and Prevention,https://www.sfu.ca/sexual-violence/education-prevention/sexual-violence-definitions.html
1_2_6_11_18,"Consent Matters - Sexual Violence Support & Prevention Office - Simon Fraser 
University (sfu.ca)",Sexual Violence Support and Prevention,https://www.sfu.ca/sexual-violence/education-prevention/what-is-consent.html
1_2_6_11_19,"Sexual Assault Awareness Month - Sexual Violence Support & Prevention Office - 
Simon Fraser University (sfu.ca)",Sexual Violence Support and Prevention,https://www.sfu.ca/sexual-violence/education-prevention/saam.html
1_2_6_11_20,"Safe(r) Party Initiative - Sexual Violence Support & Prevention Office - Simon Fraser 
University (sfu.ca)",Sexual Violence Support and Prevention,https://www.sfu.ca/sexual-violence/education-prevention/safer-party.html
1_2_6_11_21,"National Day of Awareness for MMIWG2S - Sexual Violence Support & Prevention 
Office - Simon Fraser University (sfu.ca)",Sexual Violence Support and Prevention,https://www.sfu.ca/sexual-violence/education-prevention/RedDressDayMay5.html
1_2_6_11_22,"December 6 - Sexual Violence Support & Prevention Office - Simon Fraser University 
(sfu.ca)",Sexual Violence Support and Prevention,https://www.sfu.ca/sexual-violence/education-prevention/december-6.html
1_2_6_11_23,"InterroBang - Sexual Violence Support & Prevention Office - Simon Fraser University 
(sfu.ca)",Sexual Violence Support and Prevention,https://www.sfu.ca/sexual-violence/education-prevention/interrobang.html
1_2_6_11_24,"Active Bystander Intervention - Sexual Violence Support & Prevention Office - Simon 
Fraser University (sfu.ca)",Sexual Violence Support and Prevention,https://www.sfu.ca/sexual-violence/education-prevention/bystander-intervention.html
1_2_6_11_25,"Join Active Bystander Network! - Sexual Violence Support & Prevention Office - 
Simon Fraser University (sfu.ca)",Sexual Violence Support and Prevention,https://www.sfu.ca/sexual-violence/education-prevention/active-bystander-network.html
1_2_6_11_26,"Blog - Sexual Violence Support & Prevention Office - Simon Fraser University 
(sfu.ca)",Sexual Violence Support and Prevention,https://www.sfu.ca/sexual-violence/education-prevention/new-blog-.html
1_2_6_11_27,"Comic - Sexual Violence Support & Prevention Office - Simon Fraser University 
(sfu.ca)",Sexual Violence Support and Prevention,https://www.sfu.ca/sexual-violence/education-prevention/comic.html
1_2_6_11_28,"Faculty - Sexual Violence Support & Prevention Office - Simon Fraser University 
(sfu.ca)",Sexual Violence Support and Prevention,https://www.sfu.ca/sexual-violence/faculty.html
1_2_6_11_29,"About Us - Sexual Violence Support & Prevention Office - Simon Fraser University 
(sfu.ca)",Sexual Violence Support and Prevention,https://www.sfu.ca/sexual-violence/about-us.html
1_2_6_11_30,"SFU Sexualized Violence Policy Annual Report - Sexual Violence Support & 
Prevention Office - Simon Fraser University (sfu.ca)",Sexual Violence Support and Prevention,https://www.sfu.ca/sexual-violence/about-us/sfu-policy.html
1_2_6_11_31,"VSPO Advisory Panel - Sexual Violence Support & Prevention Office - Simon 
Fraser University (sfu.ca)",Sexual Violence Support and Prevention,https://www.sfu.ca/sexual-violence/about-us/svspo-advisory-panel-.html
1_2_6_11_32,"News - Sexual Violence Support & Prevention Office - Simon Fraser University 
(sfu.ca)",Sexual Violence Support and Prevention,https://www.sfu.ca/sexual-violence/about-us/news-updates.html
1_2_6_11_33,"GP44 Policy Review - Sexual Violence Support & Prevention Office - Simon Fraser 
University (sfu.ca)",Sexual Violence Support and Prevention,https://www.sfu.ca/sexual-violence/about-us/policy-review.html
1_2_6_11_34,"Share Feedback - Sexual Violence Support & Prevention Office - Simon Fraser 
University (sfu.ca)",Sexual Violence Support and Prevention,https://www.sfu.ca/sexual-violence/about-us/share-feedback.html
1_2_6_11_35,"Connect with Us - Sexual Violence Support & Prevention Office - Simon Fraser 
University (sfu.ca)",Sexual Violence Support and Prevention,https://www.sfu.ca/sexual-violence/contact-us.html
1_2_6_11_36,Simon Fraser University (sfu.ca),,https://www.sfu.ca/
1_2_6_11_37,"Get Help - Sexual Violence Support & Prevention Office - Simon Fraser University 
(sfu.ca)",Sexual Violence Support and Prevention,https://www.sfu.ca/sexual-violence/get-help.html
1_2_6_11_38,"Supporting Survivors - Sexual Violence Support & Prevention Office - Simon Fraser 
University (sfu.ca)",Sexual Violence Support and Prevention,https://www.sfu.ca/sexual-violence/supporting-survivors.html
1_2_6_11_39,"Education & Prevention - Sexual Violence Support & Prevention Office - Simon Fraser 
University (sfu.ca)",Sexual Violence Support and Prevention,https://www.sfu.ca/sexual-violence/education-prevention.html
1_2_6_12_1,"CAL Counsellor Pilot Program - Centre for Accessible Learning (CAL) - Simon Fraser 
University (sfu.ca)",Accessible Learning and Advocacy,https://www.sfu.ca/students/accessible-learning/programs-and-services/cal-counsellor-pilot-program.html
1_2_6_12_2,"Psycho-Educational Assessment Funding - Centre for Accessible Learning (CAL) - 
Simon Fraser University (sfu.ca)",Accessible Learning and Advocacy,https://www.sfu.ca/students/accessible-learning/utilizing-accommodations/planning/assessment-funding.html
1_2_6_12_3,Psycho-Educational Assessment (studentcare.ca),Accessible Learning and Advocacy,https://studentcare.ca/rte/en/SimonFraserUniversityundergraduatestudentsSFSS_Health_HealthCoverage_PsychoEducationalAssessment
1_2_6_12_4,Contact Us - Centre for Accessible Learning (CAL) - Simon Fraser University (sfu.ca),Accessible Learning and Advocacy,https://www.sfu.ca/students/accessible-learning/contact-us.html
1_2_6_12_5,SFSS Go (go.sfss.ca),Accessible Learning and Advocacy,https://go.sfss.ca/unions/49/info
1_2_6_12_7,Student Advocacy Office - Simon Fraser Student Society (sfu.ca),Accessible Learning and Advocacy,https://sfss.ca/services/student-advocacy-office/
1_2_6_12_8,Ombudsperson - Ombudsperson - Simon Fraser University (sfu.ca),Accessible Learning and Advocacy,https://www.sfu.ca/ombudsperson/about/ombudsperson.html
1_2_6_12_9,"Campus Access Routes - Campus safety & security - Simon Fraser University 
(sfu.ca)",Safety and Emergencies,https://www.sfu.ca/srs/campus-safety-security/public-safety/building-access/campus-access-routes.html
1_2_7_1_1,Enroll in Imagine if... ADHD Skills Workshop Series (canvas.sfu.ca),Group Support,https://canvas.sfu.ca/enroll/CRTAXY?_gl=1*r8etv8*_gcl_au*MTAzODk1OTQzNS4xNzQ1ODU2MTY5*_ga*NDIyNDEwMDM5LjE3NDk0OTgxNjc.*_ga_R4BCVYL1QF*czE3NTMyODk0MjkkbzY2JGcxJHQxNzUzMjkxODI5JGo1NSRsMCRoMA..
1_2_7_3_1,Enroll in 2025 Understanding and coping with climate change distress (canvas.sfu.ca),Group Support,https://canvas.sfu.ca/enroll/WT7JHR
1_2_7_3_2,Ecological Chaplaincy - Faculty of Environment - Simon Fraser University (sfu.ca),Group Support,https://www.sfu.ca/fenv/about/ecological-chaplaincy.html
1_2_7_3_3,Mental Health and Climate Change (mhcca.ca),Group Support,https://mhcca.ca/
1_2_7_3_4,"Embark Sustainability a not-for-profit student society for SFU students 
(embarksustainability.org)",Group Support,https://www.embarksustainability.org/
1_2_7_3_5,SFU350 (sfu350.org),Group Support,https://www.sfu350.org/
1_2_7_6_1,"Dungeons and Worry Dragons: How the popular roleplaying game takes on a therapy 
lens at SFU (burnabybeacon.com_",Group Support,https://burnabybeacon.com/p/dungeons-and-worry-dragons-sfu-student-therapy
1_2_7_6_2,"The Portable Magic Dispenser: Epsiode #80: David Lindskoog talks Dungeons & 
Dragons & Therapy! (portabablemagicdespenser.buzzsprout.com)",Group Support,https://portablemagicdispenser.buzzsprout.com/1838355/episodes/14865530-the-portable-magic-dispenser-epsiode-80-david-lindskoog-talks-dungeons-dragons-therapy
1_2_7_6_3,"Rolling for Resilience: How D&D Can Be Therapeutic | Fearless Journeys: Thriving On 
Campus (fearlessjourneyslc.podbean.com)",Group Support,https://fearlessjourneyslc.podbean.com/e/rolling-for-resilience-how-dd-can-be-therapeutic/
1_2_7_11_1,"Enroll in Anytime access 2025 Understanding and coping with anxiety and depression 
(canvas.sfu.ca)",Self-Led Resources,https://canvas.sfu.ca/enroll/TGBTKX
1_2_7_12_1,"Enroll in ANYTIME ACCESS 2025 Understanding and coping with trauma 
(canvas.sfu.ca)",Self-Led Resources,https://canvas.sfu.ca/enroll/4FMM7C
1_2_7_14_1,"Healthy Gaming Workshop | Oct 23, 2025 | SFU Health and Counselling Survey 
(surveymonkey.ca)",Group Support,https://www.surveymonkey.ca/r/26B3FF6
1_2_7_15_1,Resources on dealing with procrastination | SFU Library (lib.sfu.ca),Self-Led Resources,https://www.lib.sfu.ca/about/branches-depts/slc/learning/procrastination
1_2_9_1_1,Enroll in Bouncing Forward: Online Resilience Training (canvas.sfu.ca),Self-Led Resources,https://canvas.sfu.ca/enroll/YEPJLM
1_2_9_1_2,"Enroll in Bouncing Forward as a Graduate Student: Online Resilience Training 
(canvas.sfu.ca)",Self-Led Resources,https://canvas.sfu.ca/enroll/WA6L8N
1_2_9_1_3,"Over nearly 80 years, Harvard study has been showing how to live a healthy and 
happy life — Harvard Gazette (news.haravard.edu)",Self-Led Resources,https://news.harvard.edu/gazette/story/2017/04/over-nearly-80-years-harvard-study-has-been-showing-how-to-live-a-healthy-and-happy-life/
1_2_9_1_4,Login (viacharacter.org),Self-Led Resources,https://www.viacharacter.org/Account/Login?ReturnUrl=%2Fsurvey%2Fsurveys%2Ftakesurvey
